-- 清空已有数据
SET FOREIGN_KEY_CHECKS = 0;
TRUNCATE TABLE stop_time;
TRUNCATE TABLE train_trip;
TRUNCATE TABLE stop;
TRUNCATE TABLE route;
TRUNCATE TABLE station;
TRUNCATE TABLE line;
SET FOREIGN_KEY_CHECKS = 1;

-- 线路数据
INSERT INTO line (id, name, code, color, operator) VALUES
(1, '1号线', 'L1', '#CC0000', '北京地铁公司'),
(2, '2号线', 'L2', '#0000CC', '北京地铁公司'),
(3, '4号线', 'L4', '#00CC00', '北京地铁公司'),
(4, '13号线', 'L13', '#CC00CC', '北京地铁公司'),
(5, '6号线', 'L6', '#FF9900', '北京地铁公司');

-- 站点数据，独立于线路
INSERT INTO station (id, name, code) VALUES
(1, '苹果园', 'PGY'),
(2, '古城', 'GC'),
(3, '八角游乐园', 'BJYLM'),
(4, '八宝山', 'BBS'),
(5, '玉泉路', 'YQL'),
(6, '五棵松', 'WKS'),
(7, '万寿路', 'WSL'),
(8, '公主坟', 'GZF'),
(9, '军事博物馆', 'JSBWG'),
(10, '木樨地', 'MXD'),
(11, '南礼士路', 'NLSL'),
(12, '复兴门', 'FXM'),
(13, '西单', 'XD'),
(14, '天安门西', 'TAMX'),
(15, '天安门东', 'TAMD'),
(16, '王府井', 'WFJ'),
(17, '东单', 'DD'),
(18, '建国门', 'JGM'),
(19, '永安里', 'YAL'),
(20, '国贸', 'GM'),
(21, '大望路', 'DWL'),
(22, '四惠', 'SH'),
(23, '四惠东', 'SHD'),
(24, '西直门', 'XZM'),
(25, '车公庄', 'CGZ'),
(26, '阜成门', 'FCM'),
(27, '长椿街', 'CCJ'),
(28, '宣武门', 'XWM'),
(29, '和平门', 'HPM'),
(30, '前门', 'QM'),
(31, '崇文门', 'CWM'),
(32, '北京站', 'BJS'),
(33, '朝阳门', 'CYM'),
(34, '东四十条', 'DSSTC'),
(35, '东直门', 'DZM'),
(36, '雍和宫', 'YHG'),
(37, '安定门', 'ADM'),
(38, '鼓楼大街', 'GLDJ'),
(39, '积水潭', 'JST'),
(40, '安河桥北', 'AHQB'),
(41, '北宫门', 'BGM'),
(42, '西苑', 'XY'),
(43, '圆明园', 'YMY'),
(44, '北京大学东门', 'BJDXDM'),
(45, '中关村', 'ZGC'),
(46, '海淀黄庄', 'HDHZ'),
(47, '人民大学', 'RMDX'),
(48, '魏公村', 'WGC'),
(49, '国家图书馆', 'GJLSG'),
(50, '动物园', 'DWY'),
(51, '新街口', 'XJK'),
(52, '平安里', 'PAL'),
(53, '西四', 'XS'),
(54, '灵境胡同', 'LJHT'),
(55, '菜市口', 'CSK'),
(56, '陶然亭', 'TRT'),
(57, '北京南站', 'BJNZ'),
(58, '马家堡', 'MJB'),
(59, '角门西', 'JMX'),
(60, '公益西桥', 'GYXQ'),
(61, '大钟寺', 'DZS'),
(62, '知春路', 'ZCL'),
(63, '五道口', 'WDK'),
(64, '上地', 'SD'),
(65, '西二旗', 'XEQ'),
(66, '龙泽', 'LZ'),
(67, '回龙观', 'HLG'),
(68, '霍营', 'HY'),
(69, '立水桥', 'LSQ'),
(70, '北苑', 'BY'),
(71, '望京西', 'WJX'),
(72, '芍药居', 'SYJ'),
(73, '光熙门', 'GXM'),
(74, '柳芳', 'LF'),
(75, '海淀五路居', 'HDWLJ'),
(76, '慈寿寺', 'CSS'),
(77, '花园桥', 'HYQ'),
(78, '白石桥南', 'BSQN'),
(79, '车公庄西', 'CGZX'),
(80, '北海北', 'BHB'),
(81, '南锣鼓巷', 'NLGX'),
(82, '东四', 'DS'),
(83, '东大桥', 'DDQ'),
(84, '呼家楼', 'HJL'),
(85, '金台路', 'JTL'),
(86, '十里堡', 'SLB'),
(87, '青年路', 'QNL'),
(88, '褡裢坡', 'DLP'),
(89, '黄渠', 'HQ'),
(90, '常营', 'CY'),
(91, '草房', 'CF');

-- 路线数据（每条线路两个方向）
INSERT INTO route (id, line_id, name, start_station_id, end_station_id) VALUES
-- 1号线路线
(1, 1, '苹果园 → 四惠东', 1, 23),
(2, 1, '四惠东 → 苹果园', 23, 1),

-- 2号线路线（环线）
(3, 2, '西直门 → 西直门（内环）', 24, 24),
(4, 2, '西直门 → 西直门（外环）', 24, 24),

-- 4号线路线
(5, 3, '安河桥北 → 公益西桥', 40, 60),
(6, 3, '公益西桥 → 安河桥北', 60, 40),

-- 13号线路线
(7, 4, '西直门 → 东直门', 24, 35),
(8, 4, '东直门 → 西直门', 35, 24),

-- 6号线路线
(9, 5, '海淀五路居 → 草房', 75, 91),
(10, 5, '草房 → 海淀五路居', 91, 75);

-- 停靠站数据
-- 1号线东行停靠站
INSERT INTO stop (id, route_id, station_id, seq) VALUES
(1, 1, 1, 1), (2, 1, 2, 2), (3, 1, 3, 3), (4, 1, 4, 4), (5, 1, 5, 5), 
(6, 1, 6, 6), (7, 1, 7, 7), (8, 1, 8, 8), (9, 1, 9, 9), (10, 1, 10, 10),
(11, 1, 11, 11), (12, 1, 12, 12), (13, 1, 13, 13), (14, 1, 14, 14), (15, 1, 15, 15),
(16, 1, 16, 16), (17, 1, 17, 17), (18, 1, 18, 18), (19, 1, 19, 19), (20, 1, 20, 20),
(21, 1, 21, 21), (22, 1, 22, 22), (23, 1, 23, 23);

-- 1号线西行停靠站
INSERT INTO stop (id, route_id, station_id, seq) VALUES
(24, 2, 23, 1), (25, 2, 22, 2), (26, 2, 21, 3), (27, 2, 20, 4), (28, 2, 19, 5),
(29, 2, 18, 6), (30, 2, 17, 7), (31, 2, 16, 8), (32, 2, 15, 9), (33, 2, 14, 10),
(34, 2, 13, 11), (35, 2, 12, 12), (36, 2, 11, 13), (37, 2, 10, 14), (38, 2, 9, 15),
(39, 2, 8, 16), (40, 2, 7, 17), (41, 2, 6, 18), (42, 2, 5, 19), (43, 2, 4, 20),
(44, 2, 3, 21), (45, 2, 2, 22), (46, 2, 1, 23);

-- 2号线内环停靠站
INSERT INTO stop (id, route_id, station_id, seq) VALUES
(47, 3, 24, 1), (48, 3, 25, 2), (49, 3, 26, 3), (50, 3, 12, 4), (51, 3, 27, 5),
(52, 3, 28, 6), (53, 3, 29, 7), (54, 3, 30, 8), (55, 3, 31, 9), (56, 3, 32, 10),
(57, 3, 18, 11), (58, 3, 33, 12), (59, 3, 34, 13), (60, 3, 35, 14), (61, 3, 36, 15),
(62, 3, 37, 16), (63, 3, 38, 17), (64, 3, 39, 18), (65, 3, 24, 19);

-- 2号线外环停靠站
INSERT INTO stop (id, route_id, station_id, seq) VALUES
(66, 4, 24, 1), (67, 4, 39, 2), (68, 4, 38, 3), (69, 4, 37, 4), (70, 4, 36, 5),
(71, 4, 35, 6), (72, 4, 34, 7), (73, 4, 33, 8), (74, 4, 18, 9), (75, 4, 32, 10),
(76, 4, 31, 11), (77, 4, 30, 12), (78, 4, 29, 13), (79, 4, 28, 14), (80, 4, 27, 15),
(81, 4, 12, 16), (82, 4, 26, 17), (83, 4, 25, 18), (84, 4, 24, 19);

-- 4号线南行停靠站
INSERT INTO stop (id, route_id, station_id, seq) VALUES
(85, 5, 40, 1), (86, 5, 41, 2), (87, 5, 42, 3), (88, 5, 43, 4), (89, 5, 44, 5),
(90, 5, 45, 6), (91, 5, 46, 7), (92, 5, 47, 8), (93, 5, 48, 9), (94, 5, 49, 10),
(95, 5, 50, 11), (96, 5, 24, 12), (97, 5, 51, 13), (98, 5, 52, 14), (99, 5, 53, 15),
(100, 5, 54, 16), (101, 5, 13, 17), (102, 5, 28, 18), (103, 5, 55, 19), (104, 5, 56, 20),
(105, 5, 57, 21), (106, 5, 58, 22), (107, 5, 59, 23), (108, 5, 60, 24);

-- 4号线北行停靠站
INSERT INTO stop (id, route_id, station_id, seq) VALUES
(109, 6, 60, 1), (110, 6, 59, 2), (111, 6, 58, 3), (112, 6, 57, 4), (113, 6, 56, 5),
(114, 6, 55, 6), (115, 6, 28, 7), (116, 6, 13, 8), (117, 6, 54, 9), (118, 6, 53, 10),
(119, 6, 52, 11), (120, 6, 51, 12), (121, 6, 24, 13), (122, 6, 50, 14), (123, 6, 49, 15),
(124, 6, 48, 16), (125, 6, 47, 17), (126, 6, 46, 18), (127, 6, 45, 19), (128, 6, 44, 20),
(129, 6, 43, 21), (130, 6, 42, 22), (131, 6, 41, 23), (132, 6, 40, 24);

-- 13号线东行停靠站
INSERT INTO stop (id, route_id, station_id, seq) VALUES
(133, 7, 24, 1), (134, 7, 61, 2), (135, 7, 62, 3), (136, 7, 63, 4), (137, 7, 64, 5),
(138, 7, 65, 6), (139, 7, 66, 7), (140, 7, 67, 8), (141, 7, 68, 9), (142, 7, 69, 10),
(143, 7, 70, 11), (144, 7, 71, 12), (145, 7, 72, 13), (146, 7, 73, 14), (147, 7, 74, 15),
(148, 7, 35, 16);

-- 13号线西行停靠站
INSERT INTO stop (id, route_id, station_id, seq) VALUES
(149, 8, 35, 1), (150, 8, 74, 2), (151, 8, 73, 3), (152, 8, 72, 4), (153, 8, 71, 5),
(154, 8, 70, 6), (155, 8, 69, 7), (156, 8, 68, 8), (157, 8, 67, 9), (158, 8, 66, 10),
(159, 8, 65, 11), (160, 8, 64, 12), (161, 8, 63, 13), (162, 8, 62, 14), (163, 8, 61, 15),
(164, 8, 24, 16);

-- 6号线东行停靠站
INSERT INTO stop (id, route_id, station_id, seq) VALUES
(165, 9, 75, 1), (166, 9, 76, 2), (167, 9, 77, 3), (168, 9, 78, 4), (169, 9, 79, 5),
(170, 9, 25, 6), (171, 9, 52, 7), (172, 9, 80, 8), (173, 9, 81, 9), (174, 9, 82, 10),
(175, 9, 33, 11), (176, 9, 83, 12), (177, 9, 84, 13), (178, 9, 85, 14), (179, 9, 86, 15),
(180, 9, 87, 16), (181, 9, 88, 17), (182, 9, 89, 18), (183, 9, 90, 19), (184, 9, 91, 20);

-- 6号线西行停靠站
INSERT INTO stop (id, route_id, station_id, seq) VALUES
(185, 10, 91, 1), (186, 10, 90, 2), (187, 10, 89, 3), (188, 10, 88, 4), (189, 10, 87, 5),
(190, 10, 86, 6), (191, 10, 85, 7), (192, 10, 84, 8), (193, 10, 83, 9), (194, 10, 33, 10),
(195, 10, 82, 11), (196, 10, 81, 12), (197, 10, 80, 13), (198, 10, 52, 14), (199, 10, 25, 15),
(200, 10, 79, 16), (201, 10, 78, 17), (202, 10, 77, 18), (203, 10, 76, 19), (204, 10, 75, 20);

-- 列车行程数据
INSERT INTO train_trip (id, route_id, train_number, run_date) VALUES
-- 1号线东行列车
(1, 1, '1001', '2023-06-01'),
(2, 1, '1003', '2023-06-01'),
(3, 1, '1005', '2023-06-01'),
(4, 1, '1007', '2023-06-01'),
(5, 1, '1009', '2023-06-01'),

-- 4号线南行列车
(11, 5, '4001', '2023-06-01'),
(12, 5, '4003', '2023-06-01'),
(13, 5, '4005', '2023-06-01'),
(14, 5, '4007', '2023-06-01'),
(15, 5, '4009', '2023-06-01'),

-- 13号线东行列车
(21, 7, '13001', '2023-06-01'),
(22, 7, '13003', '2023-06-01'),
(23, 7, '13005', '2023-06-01'),
(24, 7, '13007', '2023-06-01'),
(25, 7, '13009', '2023-06-01');

-- 时刻表数据
-- 1号线列车1001的时刻表
INSERT INTO stop_time (train_trip_id, stop_id, arrival_time, departure_time, stop_seq) VALUES
(1, 1, null, '05:30:00', 1),
(1, 2, '05:32:00', '05:33:00', 2),
(1, 3, '05:35:00', '05:36:00', 3),
(1, 4, '05:38:00', '05:39:00', 4),
(1, 5, '05:41:00', '05:42:00', 5),
(1, 6, '05:44:00', '05:45:00', 6),
(1, 7, '05:47:00', '05:48:00', 7),
(1, 8, '05:50:00', '05:51:00', 8),
(1, 9, '05:53:00', '05:54:00', 9),
(1, 10, '05:56:00', '05:57:00', 10);

-- 4号线列车4001的时刻表
INSERT INTO stop_time (train_trip_id, stop_id, arrival_time, departure_time, stop_seq) VALUES
(11, 85, null, '06:00:00', 1),
(11, 86, '06:03:00', '06:04:00', 2),
(11, 87, '06:07:00', '06:08:00', 3),
(11, 88, '06:11:00', '06:12:00', 4),
(11, 89, '06:15:00', '06:16:00', 5),
(11, 90, '06:19:00', '06:20:00', 6),
(11, 91, '06:23:00', '06:24:00', 7),
(11, 92, '06:27:00', '06:28:00', 8),
(11, 93, '06:31:00', '06:32:00', 9),
(11, 94, '06:35:00', '06:36:00', 10);

-- 13号线列车13001的时刻表
INSERT INTO stop_time (train_trip_id, stop_id, arrival_time, departure_time, stop_seq) VALUES
(21, 133, null, '05:45:00', 1),
(21, 134, '05:49:00', '05:50:00', 2),
(21, 135, '05:54:00', '05:55:00', 3),
(21, 136, '05:59:00', '06:00:00', 4),
(21, 137, '06:04:00', '06:05:00', 5),
(21, 138, '06:09:00', '06:10:00', 6),
(21, 139, '06:14:00', '06:15:00', 7),
(21, 140, '06:19:00', '06:20:00', 8),
(21, 141, '06:24:00', '06:25:00', 9),
(21, 142, '06:29:00', '06:30:00', 10);

-- 1号线东行列车1003的时刻表
INSERT INTO stop_time (train_trip_id, stop_id, arrival_time, departure_time, stop_seq) VALUES
(2, 1, null, '06:00:00', 1),
(2, 2, '06:02:00', '06:03:00', 2),
(2, 3, '06:05:00', '06:06:00', 3),
(2, 4, '06:08:00', '06:09:00', 4),
(2, 5, '06:11:00', '06:12:00', 5),
(2, 6, '06:14:00', '06:15:00', 6),
(2, 7, '06:17:00', '06:18:00', 7),
(2, 8, '06:20:00', '06:21:00', 8),
(2, 9, '06:23:00', '06:24:00', 9),
(2, 10, '06:26:00', '06:27:00', 10);

-- 4号线南行列车4003的时刻表
INSERT INTO stop_time (train_trip_id, stop_id, arrival_time, departure_time, stop_seq) VALUES
(12, 85, null, '06:15:00', 1),
(12, 86, '06:18:00', '06:19:00', 2),
(12, 87, '06:22:00', '06:23:00', 3),
(12, 88, '06:26:00', '06:27:00', 4),
(12, 89, '06:30:00', '06:31:00', 5),
(12, 90, '06:34:00', '06:35:00', 6),
(12, 91, '06:38:00', '06:39:00', 7),
(12, 92, '06:42:00', '06:43:00', 8),
(12, 93, '06:46:00', '06:47:00', 9),
(12, 94, '06:50:00', '06:51:00', 10);

-- 13号线东行列车13003的时刻表
INSERT INTO stop_time (train_trip_id, stop_id, arrival_time, departure_time, stop_seq) VALUES
(22, 133, null, '06:00:00', 1),
(22, 134, '06:04:00', '06:05:00', 2),
(22, 135, '06:09:00', '06:10:00', 3),
(22, 136, '06:14:00', '06:15:00', 4),
(22, 137, '06:19:00', '06:20:00', 5),
(22, 138, '06:24:00', '06:25:00', 6),
(22, 139, '06:29:00', '06:30:00', 7),
(22, 140, '06:34:00', '06:35:00', 8),
(22, 141, '06:39:00', '06:40:00', 9),
(22, 142, '06:44:00', '06:45:00', 10);

-- 添加未来日期的列车
INSERT INTO train_trip (id, route_id, train_number, run_date) VALUES
-- 1号线东行列车（明天）
(101, 1, '1001', DATE_ADD(CURDATE(), INTERVAL 1 DAY)),
(102, 1, '1003', DATE_ADD(CURDATE(), INTERVAL 1 DAY)),
(103, 1, '1005', DATE_ADD(CURDATE(), INTERVAL 1 DAY)),

-- 4号线南行列车（明天）
(111, 5, '4001', DATE_ADD(CURDATE(), INTERVAL 1 DAY)),
(112, 5, '4003', DATE_ADD(CURDATE(), INTERVAL 1 DAY)),
(113, 5, '4005', DATE_ADD(CURDATE(), INTERVAL 1 DAY)),

-- 13号线东行列车（明天）
(121, 7, '13001', DATE_ADD(CURDATE(), INTERVAL 1 DAY)),
(122, 7, '13003', DATE_ADD(CURDATE(), INTERVAL 1 DAY)),
(123, 7, '13005', DATE_ADD(CURDATE(), INTERVAL 1 DAY)),

-- 1号线东行列车（后天）
(201, 1, '1001', DATE_ADD(CURDATE(), INTERVAL 2 DAY)),
(202, 1, '1003', DATE_ADD(CURDATE(), INTERVAL 2 DAY)),

-- 4号线南行列车（后天）
(211, 5, '4001', DATE_ADD(CURDATE(), INTERVAL 2 DAY)),
(212, 5, '4003', DATE_ADD(CURDATE(), INTERVAL 2 DAY)),

-- 13号线东行列车（后天）
(221, 7, '13001', DATE_ADD(CURDATE(), INTERVAL 2 DAY)),
(222, 7, '13003', DATE_ADD(CURDATE(), INTERVAL 2 DAY));

-- 明天1号线列车1001的时刻表
INSERT INTO stop_time (train_trip_id, stop_id, arrival_time, departure_time, stop_seq) VALUES
(101, 1, null, '05:30:00', 1),
(101, 2, '05:32:00', '05:33:00', 2),
(101, 3, '05:35:00', '05:36:00', 3),
(101, 4, '05:38:00', '05:39:00', 4),
(101, 5, '05:41:00', '05:42:00', 5),
(101, 6, '05:44:00', '05:45:00', 6),
(101, 7, '05:47:00', '05:48:00', 7),
(101, 8, '05:50:00', '05:51:00', 8),
(101, 9, '05:53:00', '05:54:00', 9),
(101, 10, '05:56:00', '05:57:00', 10);

-- 明天4号线列车4001的时刻表
INSERT INTO stop_time (train_trip_id, stop_id, arrival_time, departure_time, stop_seq) VALUES
(111, 85, null, '06:00:00', 1),
(111, 86, '06:03:00', '06:04:00', 2),
(111, 87, '06:07:00', '06:08:00', 3),
(111, 88, '06:11:00', '06:12:00', 4),
(111, 89, '06:15:00', '06:16:00', 5),
(111, 90, '06:19:00', '06:20:00', 6),
(111, 91, '06:23:00', '06:24:00', 7),
(111, 92, '06:27:00', '06:28:00', 8),
(111, 93, '06:31:00', '06:32:00', 9),
(111, 94, '06:35:00', '06:36:00', 10);

-- 查询验证数据
SELECT 'Lines count:' as Info, COUNT(*) as Count FROM line
UNION ALL
SELECT 'Stations count:', COUNT(*) FROM station
UNION ALL
SELECT 'Routes count:', COUNT(*) FROM route
UNION ALL
SELECT 'Stops count:', COUNT(*) FROM stop
UNION ALL
SELECT 'Train trips count:', COUNT(*) FROM train_trip
UNION ALL
SELECT 'Stop times count:', COUNT(*) FROM stop_time; 